G1_nodes,G2_nodes,elapsed_time_sec,elapsed_time_formatted
15,5,0.1247260570526123,00h00m00s
5,15,0.12653064727783203,00h00m00s
12,6,0.21976494789123535,00h00m00s
6,12,0.5453290939331055,00h00m00s
12,9,116.44696617126465,00h01m56s
9,12,130.1723256111145,00h02m10s
