G1_nodes,G2_nodes,elapsed_time_sec,elapsed_time_formatted
15,5,0.1247260570526123,00h00m00s
5,15,0.12653064727783203,00h00m00s
12,6,0.21976494789123535,00h00m00s
6,12,0.5453290939331055,00h00m00s
12,9,116.44696617126465,00h01m56s
9,12,130.1723256111145,00h02m10s
17,15,613.659277677536,00h10m13s
8,17,1113.1744017601013,00h18m33s
15,7,71.156174659729,00h01m11s
13,9,0.020007848739624023,00h00m00s
